Workbook

Sheet Master_Finishing_MEP
A1: MTech Thesis: Master Finishing & MEP Variables (Isolated Boundary Setup)
A2: Parameter Description | B2: Case 1: Industry Std | C2: Case 2: Baseline Planned | D2: Case 3: Actual Achieved | E2: Engineering Unit
A3: Net Residual Window Post-RCC | B3: 60 | C3: 90 | D3: 180 | E3: Days
A4: Base Plaster Mortar Waste Rate | B4: 5 | C4: 12.5 | D4: 12.5 | E4: Percentage
A5: Base Screed & Tiling Scrap Rate | B5: 4 | C5: 10 | D5: 10 | E5: Percentage
A6: Base MEP Shaft Rework Incidence | B6: 2 | C6: 8.5 | D6: 8.5 | E6: Percentage
A7: Plaster Carbon Coefficient | B7: 4.8 | C7: 4.8 | D7: 4.8 | E7: tCO2e/Percentage
A8: Screed Carbon Coefficient | B8: 6.2 | C8: 6.2 | D8: 6.2 | E8: tCO2e/Percentage
A9: MEP Carbon Coefficient | B9: 3.8 | C9: 3.8 | D9: 3.8 | E9: tCO2e/Percentage
A10: Hoist Group Connected Power Load | B10: 15 | C10: 15 | D10: 15 | E10: kW
A11: Daily Shift Operating Window | B11: 9 | C11: 9 | D11: 9 | E11: Hours
A12: Active Hoist Load Utilization Factor | B12: 0.4 | C12: 0.4 | D12: 0.4 | E12: Factor
A13: Indian Power Grid Emission Factor | B13: 0.82 | C13: 0.82 | D13: 0.82 | E13: kg/kWh

Sheet Calculation_Engine
A1: Parametric Computational Verification Core
A2: Parameter Description | B2: Case 1: Industry Std | C2: Case 2: Baseline Planned | D2: Case 3: Actual Achieved | E2: Engineering Unit
A3: Daily Hoist Power Consumption | B3: =Master_Finishing_MEP!B10*Master_Finishing_MEP!B11*Master_Finishing_MEP!B12 -> 54 | C3: =Master_Finishing_MEP!C10*Master_Finishing_MEP!C11*Master_Finishing_MEP!C12 -> 54 | D3: =Master_Finishing_MEP!D10*Master_Finishing_MEP!D11*Master_Finishing_MEP!D12 -> 54 | E3: kWh/day
A4: Total Residual Hoist Electricity | B4: =B3*Master_Finishing_MEP!B3 -> 3240 | C4: =C3*Master_Finishing_MEP!C3 -> 4860 | D4: =D3*Master_Finishing_MEP!D3 -> 9720 | E4: kWh
A5: Residual Hoist Carbon Footprint | B5: =(B4*Master_Finishing_MEP!B13)/1000 -> 2.6568 | C5: =(C4*Master_Finishing_MEP!C13)/1000 -> 3.9852 | D5: =(D4*Master_Finishing_MEP!D13)/1000 -> 7.9704 | E5: Tonnes CO2e
A6: Plaster Mortar Waste Carbon | B6: =Master_Finishing_MEP!B4*Master_Finishing_MEP!B7*(Master_Finishing_MEP!B3/180) -> 8 | C6: =Master_Finishing_MEP!C4*Master_Finishing_MEP!C7*(Master_Finishing_MEP!C3/180) -> 30 | D6: =Master_Finishing_MEP!D4*Master_Finishing_MEP!D7*(Master_Finishing_MEP!D3/180) -> 60 | E6: Tonnes CO2e
A7: Screed & Tiling Scrap Carbon | B7: =Master_Finishing_MEP!B5*Master_Finishing_MEP!B8*(Master_Finishing_MEP!B3/180) -> 8.2666667 | C7: =Master_Finishing_MEP!C5*Master_Finishing_MEP!C8*(Master_Finishing_MEP!C3/180) -> 31 | D7: =Master_Finishing_MEP!D5*Master_Finishing_MEP!D8*(Master_Finishing_MEP!D3/180) -> 62 | E7: Tonnes CO2e
A8: MEP Shaft Rework Carbon | B8: =Master_Finishing_MEP!B6*Master_Finishing_MEP!B9*(Master_Finishing_MEP!B3/180) -> 2.5333333 | C8: =Master_Finishing_MEP!C6*Master_Finishing_MEP!C9*(Master_Finishing_MEP!C3/180) -> 16.15 | D8: =Master_Finishing_MEP!D6*Master_Finishing_MEP!D9*(Master_Finishing_MEP!D3/180) -> 32.3 | E8: Tonnes CO2e
A9: Total Material Waste Carbon Footprint | B9: =SUM(B6:B8) -> 18.8 | C9: =SUM(C6:C8) -> 77.15 | D9: =SUM(D6:D8) -> 154.3 | E9: Tonnes CO2e
A10: TOTAL ISOLATED FINISHING CARBON | B10: =B5+B9 -> 21.4568 | C10: =C5+C9 -> 81.1352 | D10: =D5+D9 -> 162.2704 | E10: Tonnes CO2e

Sheet Dashboard_Linkage
A1: Consolidated Dynamic Twin Presentation Interface
A2: Dashboard Summary Crate | B2: Case 1: Industry Std | C2: Case 2: Baseline Planned | D2: Case 3: Actual Achieved
A3: Finishing Operational Phase Duration (Days) | B3: =Master_Finishing_MEP!B3 -> 60 | C3: =Master_Finishing_MEP!C3 -> 90 | D3: =Master_Finishing_MEP!D3 -> 180
A4: Residual Hoist Power Consumption (kWh) | B4: =Calculation_Engine!B4 -> 3240 | C4: =Calculation_Engine!C4 -> 4860 | D4: =Calculation_Engine!D4 -> 9720
A5: On-Site Operational Hoist Carbon (Tonnes CO2e) | B5: =Calculation_Engine!B5 -> 2.6568 | C5: =Calculation_Engine!C5 -> 3.9852 | D5: =Calculation_Engine!D5 -> 7.9704
A6: Material Waste Footprint Carbon (Tonnes CO2e) | B6: =Calculation_Engine!B9 -> 18.8 | C6: =Calculation_Engine!C9 -> 77.15 | D6: =Calculation_Engine!D9 -> 154.3
A7: TOTAL PHASE 4 CARBON WEIGHT (Tonnes CO2e) | B7: =Calculation_Engine!B10 -> 21.4568 | C7: =Calculation_Engine!C10 -> 81.1352 | D7: =Calculation_Engine!D10 -> 162.2704
