Workbook

Sheet EI, PH2B - Cycle time
A1: L&T Limited (Realty Division) Emerald Isle Project, Phase 2B Project Tower wise Actual Slab Casting Dates & Cycle Time - Annexure 1
A3: EI, PH2B : SLAB WISE CYCLE TIME (Plan Vs Actual)
A4: Above Terrace Work | B4: Baseline Finish | C4: Cycle Time | D4: Actual Finish | E4: Cycle Time | F4: Baseline Finish | G4: Cycle Time | H4: Actual Finish | I4: Cycle Time | J4: Baseline Finish | K4: Cycle Time | L4: Actual Finish | M4: Cycle Time | N4: Baseline Finish | O4: Cycle Time | P4: Actual Finish | Q4: Cycle Time | R4: Baseline Finish | S4: Cycle Time | T4: Actual Finish | U4: Cycle Time | V4: Baseline Finish | W4: Cycle Time | X4: Actual Finish | Y4: Cycle Time | Z4: Baseline Finish | AA4: Cycle Time | AB4: Actual Finish | AC4: Cycle Time | AD4: Baseline Finish | AE4: Cycle Time | AF4: Actual Finish | AG4: Cycle Time | AH4: Baseline Finish | AI4: Cycle Time | AJ4: Actual Finish | AK4: Cycle Time
A5: Terrace Slab | B5: 44964 | C5: =B5-B7 -> 22 | D5: 45323 | E5: =D5-D7 -> 20 | F5: 44964 | G5: =F5-F7 -> 22 | H5: 45325 | I5: =H5-H7 -> 18 | J5: 44986 | K5: =J5-J6 -> 21 | L5: 45363 | M5: =L5-L6 -> 13 | N5: 44986 | O5: =N5-N6 -> 21 | P5: 45275 | Q5: =P5-P6 -> 15 | R5: 44986 | S5: =R5-R6 -> 21 | T5: 45287 | U5: =T5-T6 -> 17 | V5: 44970 | W5: =V5-V6 -> 23 | X5: 45266 | Y5: =X5-X6 -> 27 | Z5: 44965 | AA5: =Z5-Z6 -> 22 | AB5: 45254 | AC5: =AB5-AB6 -> 28 | AD5: 44940 | AE5: =AD5-AD6 -> 19 | AF5: 45193 | AG5: =AF5-AF6 -> 28 | AH5: 44940 | AJ5: 45196 | AK5: =AJ5-AJ6 -> 27
A6: 18th Flr.Slab | J6: 44965 | K6: =J6-J7 -> 8 | L6: 45350 | M6: =L6-L7 -> 6 | N6: 44965 | O6: =N6-N7 -> 8 | P6: 45260 | Q6: =P6-P7 -> 15 | R6: 44965 | S6: =R6-R7 -> 8 | T6: 45270 | U6: =T6-T7 -> 8 | V6: 44947 | W6: =V6-V7 -> 8 | X6: 45239 | Y6: =X6-X7 -> 14 | Z6: 44943 | AA6: =Z6-Z7 -> 8 | AB6: 45226 | AC6: =AB6-AB7 -> 10 | AD6: 44921 | AE6: =AD6-AD7 -> 9 | AF6: 45165 | AG6: =AF6-AF7 -> 17 | AH6: 44919 | AJ6: 45169 | AK6: =AJ6-AJ7 -> 13
A7: 17th Flr.Slab | B7: 44942 | C7: =B7-B8 -> 9 | D7: 45303 | E7: =D7-D8 -> 13 | F7: 44942 | G7: =F7-F8 -> 9 | H7: 45307 | I7: =H7-H8 -> 12 | J7: 44957 | K7: =J7-J8 -> 10 | L7: 45344 | M7: =L7-L8 -> 4 | N7: 44957 | O7: =N7-N8 -> 10 | P7: 45245 | Q7: =P7-P8 -> 14 | R7: 44957 | S7: =R7-R8 -> 10 | T7: 45262 | U7: =T7-T8 -> 10 | V7: 44939 | W7: =V7-V8 -> 8 | X7: 45225 | Y7: =X7-X8 -> 15 | Z7: 44935 | AA7: =Z7-Z8 -> 9 | AB7: 45216 | AC7: =AB7-AB8 -> 9 | AD7: 44912 | AE7: =AD7-AD8 -> 8 | AF7: 45148 | AG7: =AF7-AF8 -> 16 | AH7: 44911 | AJ7: 45156 | AK7: =AJ7-AJ8 -> 17
A8: 16th Flr.Slab | B8: 44933 | C8: =B8-B9 -> 8 | D8: 45290 | E8: =D8-D9 -> 12 | F8: 44933 | G8: =F8-F9 -> 8 | H8: 45295 | I8: =H8-H9 -> 14 | J8: 44947 | K8: =J8-J9 -> 8 | L8: 45340 | M8: =L8-L9 -> 5 | N8: 44947 | O8: =N8-N9 -> 8 | P8: 45231 | Q8: =P8-P9 -> 12 | R8: 44947 | S8: =R8-R9 -> 8 | T8: 45252 | U8: =T8-T9 -> 11 | V8: 44931 | W8: =V8-V9 -> 8 | X8: 45210 | Y8: =X8-X9 -> 11 | Z8: 44926 | AA8: =Z8-Z9 -> 8 | AB8: 45207 | AC8: =AB8-AB9 -> 10 | AD8: 44904 | AE8: =AD8-AD9 -> 8 | AF8: 45132 | AG8: =AF8-AF9 -> 14 | AH8: 44903 | AJ8: 45139 | AK8: =AJ8-AJ9 -> 17
A9: 15th Flr.Slab | B9: 44925 | C9: =B9-B10 -> 8 | D9: 45278 | E9: =D9-D10 -> 12 | F9: 44925 | G9: =F9-F10 -> 8 | H9: 45281 | I9: =H9-H10 -> 13 | J9: 44939 | K9: =J9-J10 -> 8 | L9: 45335 | M9: =L9-L10 -> 6 | N9: 44939 | O9: =N9-N10 -> 8 | P9: 45219 | Q9: =P9-P10 -> 10 | R9: 44939 | S9: =R9-R10 -> 8 | T9: 45241 | U9: =T9-T10 -> 10 | V9: 44923 | W9: =V9-V10 -> 8 | X9: 45199 | Y9: =X9-X10 -> 10 | Z9: 44918 | AA9: =Z9-Z10 -> 8 | AB9: 45197 | AC9: =AB9-AB10 -> 8 | AD9: 44896 | AE9: =AD9-AD10 -> 9 | AF9: 45118 | AG9: =AF9-AF10 -> 21 | AH9: 44895 | AJ9: 45122 | AK9: =AJ9-AJ10 -> 16
A10: 14th Flr.Slab | B10: 44917 | C10: =B10-B11 -> 9 | D10: 45266 | E10: =D10-D11 -> 18 | F10: 44917 | G10: =F10-F11 -> 9 | H10: 45268 | I10: =H10-H11 -> 13 | J10: 44931 | K10: =J10-J11 -> 9 | L10: 45329 | M10: =L10-L11 -> 7 | N10: 44931 | O10: =N10-N11 -> 9 | P10: 45209 | Q10: =P10-P11 -> 10 | R10: 44931 | S10: =R10-R11 -> 9 | T10: 45231 | U10: =T10-T11 -> 10 | V10: 44915 | W10: =V10-V11 -> 10 | X10: 45189 | Y10: =X10-X11 -> 14 | Z10: 44910 | AA10: =Z10-Z11 -> 9 | AB10: 45189 | AC10: =AB10-AB11 -> 15 | AD10: 44887 | AE10: =AD10-AD11 -> 10 | AF10: 45097 | AG10: =AF10-AF11 -> 5 | AH10: 44886 | AJ10: 45106 | AK10: =AJ10-AJ11 -> 16
A11: 13th Flr.Slab | B11: 44908 | C11: =B11-B12 -> 10 | D11: 45248 | E11: =D11-D12 -> 34 | F11: 44908 | G11: =F11-F12 -> 10 | H11: 45255 | I11: =H11-H12 -> 22 | J11: 44922 | K11: =J11-J12 -> 10 | L11: 45322 | M11: =L11-L12 -> 10 | N11: 44922 | O11: =N11-N12 -> 10 | P11: 45199 | Q11: =P11-P12 -> 8 | R11: 44922 | S11: =R11-R12 -> 10 | T11: 45221 | U11: =T11-T12 -> 8 | V11: 44905 | W11: =V11-V12 -> 9 | X11: 45175 | Y11: =X11-X12 -> 10 | Z11: 44901 | AA11: =Z11-Z12 -> 10 | AB11: 45174 | AC11: 11 | AD11: 44877 | AE11: =AD11-AD12 -> 9 | AF11: 45092 | AG11: =AF11-AF12 -> 11 | AH11: 44876 | AJ11: 45090 | AK11: =AJ11-AJ12 -> 12
A12: 12th Flr.Slab | B12: 44898 | C12: =B12-B13 -> 9 | D12: 45214 | E12: =D12-D13 -> 16 | F12: 44898 | G12: =F12-F13 -> 9 | H12: 45233 | I12: =H12-H13 -> 11 | J12: 44912 | K12: =J12-J13 -> 9 | L12: 45312 | M12: =L12-L13 -> 9 | N12: 44912 | O12: =N12-N13 -> 9 | P12: 45191 | Q12: =P12-P13 -> 19 | R12: 44912 | S12: =R12-R13 -> 9 | T12: 45213 | U12: =T12-T13 -> 7 | V12: 44896 | W12: =V12-V13 -> 9 | X12: 45165 | Y12: 11 | Z12: 44891 | AA12: =Z12-Z13 -> 9 | AB12: 45163 | AC12: 14 | AD12: 44868 | AE12: =AD12-AD13 -> 9 | AF12: 45081 | AG12: =AF12-AF13 -> 17 | AH12: 44867 | AJ12: 45078 | AK12: =AJ12-AJ13 -> 8
A13: 11th Flr. Slab | B13: 44889 | C13: =B13-B14 -> 9 | D13: 45198 | E13: =D13-D14 -> 15 | F13: 44889 | G13: =F13-F14 -> 9 | H13: 45222 | I13: =H13-H14 -> 15 | J13: 44903 | K13: =J13-J14 -> 9 | L13: 45303 | M13: =L13-L14 -> 14 | N13: 44903 | O13: =N13-N14 -> 9 | P13: 45172 | Q13: =P13-P14 -> 12 | R13: 44903 | S13: =R13-R14 -> 9 | T13: 45206 | U13: =T13-T14 -> 10 | V13: 44887 | W13: =V13-V14 -> 10 | X13: 45154 | Y13: 14 | Z13: 44882 | AA13: =Z13-Z14 -> 9 | AB13: 45149 | AC13: 11 | AD13: 44859 | AE13: =AD13-AD14 -> 10 | AF13: 45064 | AG13: =AF13-AF14 -> 12 | AH13: 44857 | AJ13: 45070 | AK13: =AJ13-AJ14 -> 12
A14: 10th Flr.Slab | B14: 44880 | C14: =B14-B15 -> 10 | D14: 45183 | E14: =D14-D15 -> 11 | F14: 44880 | G14: =F14-F15 -> 10 | H14: 45207 | I14: =H14-H15 -> 16 | J14: 44894 | K14: =J14-J15 -> 10 | L14: 45289 | M14: =L14-L15 -> 125 | N14: 44894 | O14: =N14-N15 -> 10 | P14: 45160 | Q14: =P14-P15 -> 10 | R14: 44894 | S14: =R14-R15 -> 10 | T14: 45196 | U14: =T14-T15 -> 8 | V14: 44877 | W14: =V14-V15 -> 9 | X14: 45140 | Y14: 14 | Z14: 44873 | AA14: =Z14-Z15 -> 10 | AB14: 45138 | AC14: 13 | AD14: 44849 | AE14: =AD14-AD15 -> 9 | AF14: 45052 | AG14: =AF14-AF15 -> 9 | AH14: 44848 | AJ14: 45058 | AK14: =AJ14-AJ15 -> 9
A15: 9th Flr.Slab | B15: 44870 | C15: =B15-B16 -> 9 | D15: 45172 | E15: =D15-D16 -> 15 | F15: 44870 | G15: =F15-F16 -> 9 | H15: 45191 | I15: =H15-H16 -> 14 | J15: 44884 | K15: =J15-J16 -> 9 | L15: 45164 | M15: =L15-L16 -> 19 | N15: 44884 | O15: =N15-N16 -> 9 | P15: 45150 | Q15: =P15-P16 -> 13 | R15: 44884 | S15: =R15-R16 -> 9 | T15: 45188 | U15: =T15-T16 -> 8 | V15: 44868 | W15: =V15-V16 -> 9 | X15: 45126 | Y15: 12 | Z15: 44863 | AA15: =Z15-Z16 -> 9 | AB15: 45125 | AC15: 11 | AD15: 44840 | AE15: =AD15-AD16 -> 9 | AF15: 45043 | AG15: =AF15-AF16 -> 39 | AH15: 44839 | AJ15: 45049 | AK15: =AJ15-AJ16 -> 11
A16: 8th Flr.Slab | B16: 44861 | C16: =B16-B17 -> 9 | D16: 45157 | E16: =D16-D17 -> 11 | F16: 44861 | G16: =F16-F17 -> 9 | H16: 45177 | I16: =H16-H17 -> 14 | J16: 44875 | K16: =J16-J17 -> 9 | L16: 45145 | M16: =L16-L17 -> 15 | N16: 44875 | O16: =N16-N17 -> 9 | P16: 45137 | Q16: =P16-P17 -> 13 | R16: 44875 | S16: =R16-R17 -> 9 | T16: 45180 | U16: =T16-T17 -> 9 | V16: 44859 | W16: =V16-V17 -> 10 | X16: 45114 | Y16: 14 | Z16: 44854 | AA16: =Z16-Z17 -> 9 | AB16: 45114 | AC16: 16 | AD16: 44831 | AE16: =AD16-AD17 -> 11 | AF16: 45004 | AG16: =AF16-AF17 -> 21 | AH16: 44830 | AJ16: 45038 | AK16: =AJ16-AJ17 -> 39
A17: 7th Flr.Slab | B17: 44852 | C17: =B17-B18 -> 10 | D17: 45146 | E17: =D17-D18 -> 16 | F17: 44852 | G17: =F17-F18 -> 10 | H17: 45163 | I17: =H17-H18 -> 11 | J17: 44866 | K17: =J17-J18 -> 10 | L17: 45130 | M17: =L17-L18 -> 21 | N17: 44866 | O17: =N17-N18 -> 10 | P17: 45124 | Q17: =P17-P18 -> 24 | R17: 44866 | S17: =R17-R18 -> 10 | T17: 45171 | U17: =T17-T18 -> 15 | V17: 44849 | W17: =V17-V18 -> 9 | X17: 45100 | Y17: 12 | Z17: 44845 | AA17: =Z17-Z18 -> 10 | AB17: 45098 | AC17: 12 | AD17: 44820 | AE17: =AD17-AD18 -> 9 | AF17: 44983 | AG17: =AF17-AF18 -> 7 | AH17: 44819 | AJ17: 44999 | AK17: =AJ17-AJ18 -> 12
A18: 6th Flr.Slab | B18: 44842 | C18: =B18-B19 -> 10 | D18: 45130 | E18: =D18-D19 -> 19 | F18: 44842 | G18: =F18-F19 -> 10 | H18: 45152 | I18: =H18-H19 -> 12 | J18: 44856 | K18: =J18-J19 -> 10 | L18: 45109 | M18: =L18-L19 -> 16 | N18: 44856 | O18: =N18-N19 -> 10 | P18: 45100 | Q18: =P18-P19 -> 9 | R18: 44856 | S18: =R18-R19 -> 10 | T18: 45156 | U18: =T18-T19 -> 13 | V18: 44840 | W18: =V18-V19 -> 10 | X18: 45088 | Y18: 11 | Z18: 44835 | AA18: =Z18-Z19 -> 10 | AB18: 45086 | AC18: 10 | AD18: 44811 | AE18: =AD18-AD19 -> 11 | AF18: 44976 | AG18: =AF18-AF19 -> 10 | AH18: 44810 | AJ18: 44987 | AK18: =AJ18-AJ19 -> 13
A19: 5th Flr.Slab | B19: 44832 | C19: =B19-B20 -> 13 | D19: 45111 | E19: =D19-D20 -> 21 | F19: 44832 | G19: =F19-F20 -> 13 | H19: 45140 | I19: =H19-H20 -> 17 | J19: 44846 | K19: =J19-J20 -> 12 | L19: 45093 | M19: =L19-L20 -> 10 | N19: 44846 | O19: =N19-N20 -> 12 | P19: 45091 | Q19: =P19-P20 -> 10 | R19: 44846 | S19: =R19-R20 -> 12 | T19: 45143 | U19: =T19-T20 -> 43 | V19: 44830 | W19: =V19-V20 -> 13 | X19: 45077 | Y19: 12 | Z19: 44825 | AA19: =Z19-Z20 -> 13 | AB19: 45076 | AC19: 17 | AD19: 44800 | AE19: =AD19-AD20 -> 11 | AF19: 44966 | AG19: =AF19-AF20 -> 22 | AH19: 44799 | AJ19: 44974 | AK19: =AJ19-AJ20 -> 17
A20: 4th Flr.Slab | B20: 44819 | C20: =B20-B21 -> 12 | D20: 45090 | E20: =D20-D21 -> 15 | F20: 44819 | G20: =F20-F21 -> 12 | H20: 45123 | I20: =H20-H21 -> 16 | J20: 44834 | K20: =J20-J21 -> 11 | L20: 45083 | M20: =L20-L21 -> 9 | N20: 44834 | O20: =N20-N21 -> 11 | P20: 45081 | Q20: =P20-P21 -> 20 | R20: 44834 | S20: =R20-R21 -> 11 | T20: 45100 | U20: =T20-T21 -> 15 | V20: 44817 | W20: =V20-V21 -> 12 | X20: 45065 | Y20: 15 | Z20: 44812 | AA20: =Z20-Z21 -> 12 | AB20: 45059 | AC20: 14 | AD20: 44789 | AE20: =AD20-AD21 -> 13 | AF20: 44944 | AG20: =AF20-AF21 -> 17 | AH20: 44786 | AJ20: 44957 | AK20: =AJ20-AJ21 -> 19
A21: 3rd Flr.Slab | B21: 44807 | C21: =B21-B22 -> 14 | D21: 45075 | E21: =D21-D22 -> 16 | F21: 44807 | G21: =F21-F22 -> 14 | H21: 45107 | I21: =H21-H22 -> 22 | J21: 44823 | K21: =J21-J22 -> 16 | L21: 45074 | M21: =L21-L22 -> 11 | N21: 44823 | O21: =N21-N22 -> 16 | P21: 45061 | Q21: =P21-P22 -> 21 | R21: 44823 | S21: =R21-R22 -> 16 | T21: 45085 | U21: =T21-T22 -> 24 | V21: 44805 | W21: =V21-V22 -> 14 | X21: 45050 | Y21: 19 | Z21: 44800 | AA21: =Z21-Z22 -> 15 | AB21: 45045 | AC21: 21 | AD21: 44776 | AE21: =AD21-AD22 -> 16 | AF21: 44927 | AG21: =AF21-AF22 -> 13 | AH21: 44775 | AJ21: 44938 | AK21: =AJ21-AJ22 -> 16
A22: 2nd Flr.Slab | B22: 44793 | C22: =B22-B23 -> 31 | D22: 45059 | E22: =D22-D23 -> 30 | F22: 44793 | G22: =F22-F23 -> 31 | H22: 45085 | I22: =H22-H23 -> 43 | J22: 44807 | K22: =J22-J23 -> 31 | L22: 45063 | M22: =L22-L23 -> 22 | N22: 44807 | O22: =N22-N23 -> 31 | P22: 45040 | Q22: =P22-P23 -> 23 | R22: 44807 | S22: =R22-R23 -> 31 | T22: 45061 | U22: =T22-T23 -> 28 | V22: 44791 | W22: =V22-V23 -> 31 | X22: 45031 | Y22: 25 | Z22: 44785 | AA22: =Z22-Z23 -> 30 | AB22: 45024 | AC22: 20 | AD22: 44760 | AE22: =AD22-AD23 -> 32 | AF22: 44914 | AG22: =AF22-AF23 -> 20 | AH22: 44758 | AJ22: 44922 | AK22: =AJ22-AJ23 -> 16
A23: 1st Flr.Slab | B23: 44762 | C23: =B23-B24 -> 40 | D23: 45029 | E23: =D23-D24 -> 125 | F23: 44762 | G23: =F23-F24 -> 40 | H23: 45042 | I23: =H23-H24 -> 116 | J23: 44776 | K23: =J23-J24 -> 40 | L23: 45041 | M23: =L23-L24 -> 97 | N23: 44776 | O23: =N23-N24 -> 40 | P23: 45017 | Q23: =P23-P24 -> 71 | R23: 44776 | S23: =R23-R24 -> 40 | T23: 45033 | U23: =T23-T24 -> 115 | V23: 44760 | W23: =V23-V24 -> 40 | X23: 45006 | Y23: 97 | Z23: 44755 | AA23: =Z23-Z24 -> 40 | AB23: 45004 | AC23: 102 | AD23: 44728 | AE23: =AD23-AD24 -> 40 | AF23: 44894 | AG23: =AF23-AF24 -> 101 | AH23: 44727 | AJ23: 44906 | AK23: =AJ23-AJ24 -> 127
... A28: B1 / Tie Beam - 21.0 | B28: 44637 | C28: =B28-B29 -> 19 | D28: 44800 | E28: =D28-D29 -> 149 | F28: 44637 | G28: =F28-F29 -> 19 | H28: 44816 | I28: =H28-H29 -> 152 | J28: 44651 | K28: =J28-J29 -> 19 | L28: 44834 | M28: =L28-L29 -> 23 | N28: 44651 | O28: =N28-N29 -> 19 | P28: 44832 | Q28: =P28-P29 -> 25 | R28: 44651 | S28: =R28-R29 -> 19 | T28: 44826 | U28: =T28-T29 -> 73 | V28: 44635 | W28: =V28-V29 -> 19 | X28: 44807 | Y28: 56 | Z28: 44630 | AA28: =Z28-Z29 -> 19 | AB28: 44744 | AC28: 39 | AD28: 44601 | AE28: =AD28-AD29 -> 20 | AF28: 44617 | AG28: =AF28-AF29 -> 14 | AH28: 44600 | AJ28: 44617 | AK28: =AJ28-AJ29 -> 46
A29: PCC + Footings | B29: 44618 | C29: 38 | D29: 44651 | E29: 38 | F29: 44618 | G29: 38 | H29: 44664 | I29: 35 | J29: 44632 | K29: 38 | L29: 44811 | M29: 27 | N29: 44632 | O29: 38 | P29: 44807 | Q29: 44 | R29: 44632 | S29: 38 | T29: 44753 | U29: 44 | V29: 44616 | W29: 38 | X29: 44751 | Y29: 90 | Z29: 44611 | AA29: 38 | AB29: 44705 | AC29: 56 | AD29: 44581 | AE29: 38 | AF29: 44603 | AG29: 46 | AH29: 44580 | AJ29: 44571 | AK29: 23
A30: Towers | B30: T11A | F30: T11B | H30: T11B | J30: T12A | L30: T12A | N30: T12B | P30: T12B | R30: T12C | T30: T12C | V30: T13A | X30: T13A | Z30: T13B | AB30: T13B | AD30: T14A | AF30: T14A | AH30: T14B | AJ30: T14B
J32: =L5-AJ29 -> 792

Sheet Concrete qty
A1: Slab/Floors | B1: T11A | C1: T11B | D1: T12A | E1: T12B | F1: T12C | G1: T13A | H1: T13B | I1: T14A | J1: T14B | K1: Total
A2: Raft | B2: 300 | C2: 300 | D2: 500 | E2: 424 | F2: 480 | G2: 270 | H2: 284 | I2: 300 | J2: 300 | K2: =SUM(B2:J2) -> 3158
A3: B-2 | K3: =SUM(B3:J3) -> 0
A4: B-1/Tie Beams | B4: =67+100 -> 167 | C4: =67+100 -> 167 | D4: 93 | E4: 89 | F4: 88 | G4: 56 | H4: 79 | I4: 200 | J4: 200 | K4: =SUM(B4:J4) -> 1139
A5: P-1 | B5: 102 | C5: 118 | D5: 156 | E5: 182 | F5: 179 | G5: 102 | H5: 113 | I5: 140 | J5: 150 | K5: =SUM(B5:J5) -> 1242
A6: P-2 | B6: 79 | C6: 100 | D6: 109 | E6: 151 | F6: 149 | G6: 85 | H6: 96 | I6: 120 | J6: 120 | K6: =SUM(B6:J6) -> 1009
A7: P-3 | B7: 93 | C7: 98 | D7: 108 | E7: 100 | F7: 126 | G7: 102 | H7: 103 | I7: 168 | J7: 180 | K7: =SUM(B7:J7) -> 1078
A8: Stilt | B8: 137 | C8: 136 | D8: 190 | E8: 182 | F8: 179 | G8: 114 | H8: 161 | I8: 180 | J8: 161 | K8: =SUM(B8:J8) -> 1440
A9: F1 | B9: 135 | C9: 132 | D9: 189 | E9: 175 | F9: 173 | G9: 121 | H9: 150 | I9: 160 | J9: 150 | K9: =SUM(B9:J9) -> 1385
A10: F2 | B10: 135 | C10: 132 | D10: 189 | E10: 175 | F10: 173 | G10: 121 | H10: 150 | I10: 160 | J10: 150 | K10: =SUM(B10:J10) -> 1385
A11: F3 | B11: 135 | C11: 132 | D11: 189 | E11: 175 | F11: 173 | G11: 121 | H11: 150 | I11: 160 | J11: 150 | K11: =SUM(B11:J11) -> 1385
A12: F4 | B12: 143 | C12: 140 | D12: 189 | E12: 175 | F12: 173 | G12: 121 | H12: 150 | I12: 160 | J12: 150 | K12: =SUM(B12:J12) -> 1401
A13: F5 | B13: 135 | C13: 132 | D13: 201 | E13: 184 | F13: 182 | G13: 125 | H13: 155 | I13: 165 | J13: 155 | K13: =SUM(B13:J13) -> 1434
A14: F6 | B14: 135 | C14: 140 | D14: 189 | E14: 175 | F14: 173 | G14: 121 | H14: 150 | I14: 160 | J14: 150 | K14: =SUM(B14:J14) -> 1393
A15: F7 | B15: 135 | C15: 132 | D15: 189 | E15: 184 | F15: 182 | G15: 125 | H15: 150 | I15: 160 | J15: 155 | K15: =SUM(B15:J15) -> 1412
A16: F8 | B16: 143 | C16: 140 | D16: 189 | E16: 175 | F16: 173 | G16: 121 | H16: 150 | I16: 160 | J16: 150 | K16: =SUM(B16:J16) -> 1401
... A25: F17 | B25: 135 | C25: 132 | D25: 189 | E25: 184 | F25: 182 | G25: 125 | H25: 150 | I25: 160 | J25: 155 | K25: =SUM(B25:J25) -> 1412
A26: F18 | D26: 189 | E26: 175 | F26: 173 | G26: 121 | H26: 150 | I26: 160 | J26: 150 | K26: =SUM(B26:J26) -> 1118
A27: Terrace | B27: 135 | C27: 132 | D27: 189 | E27: 175 | F27: 173 | G27: 121 | H27: 150 | I27: 160 | J27: 150 | K27: =SUM(B27:J27) -> 1385
A28: Total | B28: =SUM(B2:B27) -> 3324 | C28: =SUM(C2:C27) -> 3351 | D28: =SUM(D2:D27) -> 4771 | E28: =SUM(E2:E27) -> 4516 | F28: =SUM(F2:F27) -> 4551 | G28: =SUM(G2:G27) -> 3056 | H28: =SUM(H2:H27) -> 3696 | I28: =SUM(I2:I27) -> 4158 | J28: =SUM(J2:J27) -> 3996 | K28: =SUM(B28:J28) -> 35419

Sheet Consumptions
A1: Equipment Group | B1: Industry Standard | C1: Baseline | D1: Actual | E1: Calculation Step
A2: Entry & Gate Process (min) | B2: 0.5 | C2: 5 | D2: 10
A3: Queue & Parking (min) | B3: 2.5 | C3: 5 | D3: 10
A4: Discharge (6m³)(min) | B4: 25 | C4: 25 | D4: 25
A5: Clean & Exit (min) | B5: 10 | C5: 10 | D5: 10
A6: Total Site Window (min) | B6: =SUM(B2:B5) -> 38 | C6: =SUM(C2:C5) -> 45 | D6: =SUM(D2:D5) -> 55
A7: Site window diesel consumption/hr | B7: 2.5 | C7: 2.5 | D7: 2.5
A8: Diesel conumption/hr for transport distance | B8: 5 | C8: 5 | D8: 5
A9: Average transport distance for RMC plant | B9: 15 | C9: 15 | D9: 15
A10: Total diesel consumption Site Window for total trips | B10: =(B6/60)*B7*'Steel & Shuttering qty'!$E$11 -> 9346.6806 | C10: =(C6/60)*C7*'Steel & Shuttering qty'!$E$11 -> 11068.437 | D10: =(D6/60)*D7*'Steel & Shuttering qty'!$E$11 -> 13528.09
A11: Total diesel consumption during transport | B11: =B8*'Steel & Shuttering qty'!$E$11 -> 29515.833 | C11: =C8*'Steel & Shuttering qty'!$E$11 -> 29515.833 | D11: =D8*'Steel & Shuttering qty'!$E$11 -> 29515.833
A12: Total Diesel consumption | B12: =B10+B11 -> 38862.514 | C12: =C10+C11 -> 40584.271 | D12: =D10+D11 -> 43043.924
A13: Carbon emissions (t) @@ 2.68 kg/L | B13: =B12*2.68/1000 -> 104.15154 | C13: =C12*2.68/1000 -> 108.76585 | D13: =D12*2.68/1000 -> 115.35772
B15: 312 | C15: 406 | D15: 792
A16: Total Site working hours | B16: 9 | C16: 9 | D16: 9
A17: Energy consumtion/hr | B17: 45 | C17: 45 | D17: 45
A18: Utilisation factor for TC | B18: 0.4 | C18: 0.4 | D18: 0.4 | E18: S. Ahlan et al. (2015): Energy consumption of tower cranes in high-rise construction. Studies show that the average power demand of a tower crane is typically 35% to 45% of its connected load.
A19: Utilisation factor for PH | B19: 0.1 | C19: 0.1 | D19: 0.1 | E19: ISO 25745-2: Energy performance of lifts, escalators and moving walks. While for permanent lifts, the "Usage Category" logic applies. For construction hoists (low intensity), a utilization factor of 0.1 is the industry standard for estimating temporary power.
A20: Concrete Pump efficiency | B20: =55/45 -> 1.2222222 | C20: =55/45 -> 1.2222222 | D20: =C20+20%*C20 -> 1.4666667
A21: Steel yard efficiency | B21: =3.6/2 -> 1.8 | C21: =4/2 -> 2 | D21: =C21+75%*C21 -> 3.5
A22: Tower Cranes (4 Nos) | B22: =B15*B16*B17*B18*4 -> 202176 | C22: =C15*C16*C17*C18*4 -> 263088 | D22: =D15*D16*D17*D18*4 -> 513216 | E22: Site Presence * 9h * 45kW * Util
A23: Passenger Hoists (9 Nos) | B23: =B15*B16*B17*B19 -> 12636 | C23: =C15*C16*C17*C19 -> 16443 | D23: =D15*D16*D17*D19 -> 32076 | E23: Tower-Days * 9h * 15kW
A24: Steel Yard (On-site) | B24: =B21*'Steel & Shuttering qty'!$C$11 -> 6375.42 | C24: =C21*'Steel & Shuttering qty'!$C$11 -> 7083.8 | D24: =D21*'Steel & Shuttering qty'!$C$11 -> 12396.65 | E24: MT * (1.8 / 2.0 / 3.5)
A25: Concrete Pumps (4 Nos) | B25: =B20*'Concrete qty'!$K$28 -> 43289.889 | C25: =C20*'Concrete qty'!$K$28 -> 43289.889 | D25: =D20*'Concrete qty'!$K$28 -> 51947.867 | E25: Vc * (1.2 / 1.2 / 1.44)
A26: Total Electricity | B26: =SUM(B22:B25) -> 264477.31 | C26: =SUM(C22:C25) -> 329904.69 | D26: =SUM(D22:D25) -> 609636.52 | E26: Consolidated Power
A27: Carbon emissions (t) @0.82 kg/kWh | B27: =B26*0.82/1000 -> 216.87139 | C27: =C26*0.82/1000 -> 270.52184 | D27: =D26*0.82/1000 -> 499.90194
A28: TOTAL RCC FOOTPRINT | B28: =B13+B27 -> 321.02293 | C28: =C13+C27 -> 379.28769 | D28: =D13+D27 -> 615.25966

Sheet Steel & Shuttering qty
A1: Tower ID | B1: Concrete (m³) | C1: Reinforcement (MT) | D1: Shuttering (m²) | E1: RMC Trips (6m³)
A2: T11A | B2: =SUM('Concrete qty'!B$2:B$27) -> 3324 | C2: =((B2*100)/1)/1000 -> 332.4 | D2: =B2*3.5 -> 11634 | E2: =B2/6 -> 554
A3: T11B | B3: =SUM('Concrete qty'!C2:C27) -> 3351 | C3: =((B3*100)/1)/1000 -> 335.1 | D3: =B3*3.5 -> 11728.5 | E3: =B3/6 -> 558.5
A4: T12A | B4: ='Concrete qty'!D28 -> 4771 | C4: =((B4*100)/1)/1000 -> 477.1 | D4: =B4*3.5 -> 16698.5 | E4: =B4/6 -> 795.16667
A5: T12B | B5: ='Concrete qty'!E28 -> 4516 | C5: =((B5*100)/1)/1000 -> 451.6 | D5: =B5*3.5 -> 15806 | E5: =B5/6 -> 752.66667
A6: T12C | B6: ='Concrete qty'!F28 -> 4551 | C6: =((B6*100)/1)/1000 -> 455.1 | D6: =B6*3.5 -> 15928.5 | E6: =B6/6 -> 758.5
A7: T13A | B7: ='Concrete qty'!G28 -> 3056 | C7: =((B7*100)/1)/1000 -> 305.6 | D7: =B7*3.5 -> 10696 | E7: =B7/6 -> 509.33333
A8: T13B | B8: ='Concrete qty'!H28 -> 3696 | C8: =((B8*100)/1)/1000 -> 369.6 | D8: =B8*3.5 -> 12936 | E8: =B8/6 -> 616
A9: T14A | B9: ='Concrete qty'!I28 -> 4158 | C9: =((B9*100)/1)/1000 -> 415.8 | D9: =B9*3.5 -> 14553 | E9: =B9/6 -> 693
A10: T14B | B10: ='Concrete qty'!J28 -> 3996 | C10: =((B10*100)/1)/1000 -> 399.6 | D10: =B10*3.5 -> 13986 | E10: =B10/6 -> 666
A11: TOTAL | B11: =SUM(B2:B10) -> 35419 | C11: =SUM(C2:C10) -> 3541.9 | D11: =SUM(D2:D10) -> 123966.5 | E11: =SUM(E2:E10) -> 5903.1667

Sheet Ind stds dates
A1: Slab / Level | B1: T11A | D1: T11B | F1: T12A | H1: T12B | J1: T12C | L1: T13A | N1: T13B | P1: T14A | R1: T14B
A2: Raft Foundation | B2: 30 | C2: =B2+$B$30 -> 44561 | D2: 30 | E2: =D2+$B$30 -> 44561 | F2: 30 | G2: =F2+$B$30 -> 44561 | H2: 30 | I2: =H2+$B$30 -> 44561 | J2: 30 | K2: =J2+$B$30 -> 44561 | L2: 30 | M2: =L2+$B$30 -> 44561 | N2: 30 | O2: =N2+$B$30 -> 44561 | P2: 30 | Q2: =P2+$B$30 -> 44561 | R2: 30 | S2: =R2+$B$30 -> 44561
A3: B-1 / Tie Beams | B3: 25 | C3: =B3+C2 -> 44586 | D3: 25 | E3: =D3+E2 -> 44586 | F3: 25 | G3: =F3+G2 -> 44586 | H3: 25 | I3: =H3+I2 -> 44586 | J3: 25 | K3: =J3+K2 -> 44586 | L3: 25 | M3: =L3+M2 -> 44586 | N3: 25 | O3: =N3+O2 -> 44586 | P3: 25 | Q3: =P3+Q2 -> 44586 | R3: 25 | S3: =R3+S2 -> 44586
A4: Podium P-1 | B4: 21 | C4: =B4+C3 -> 44607 | D4: 21 | E4: =D4+E3 -> 44607 | F4: 21 | G4: =F4+G3 -> 44607 | H4: 21 | I4: =H4+I3 -> 44607 | J4: 21 | K4: =J4+K3 -> 44607 | L4: 21 | M4: =L4+M3 -> 44607 | N4: 21 | O4: =N4+O3 -> 44607 | P4: 21 | Q4: =P4+Q3 -> 44607 | R4: 21 | S4: =R4+S3 -> 44607
A5: Podium P-2 | B5: 21 | C5: =B5+C4 -> 44628 | D5: 21 | E5: =D5+E4 -> 44628 | F5: 21 | G5: =F5+G4 -> 44628 | H5: 21 | I5: =H5+I4 -> 44628 | J5: 21 | K5: =J5+K4 -> 44628 | L5: 21 | M5: =L5+M4 -> 44628 | N5: 21 | O5: =N5+O4 -> 44628 | P5: 21 | Q5: =P5+Q4 -> 44628 | R5: 21 | S5: =R5+S4 -> 44628
A6: Podium P-3 | B6: 21 | C6: =B6+C5 -> 44649 | D6: 21 | E6: =D6+E5 -> 44649 | F6: 21 | G6: =F6+G5 -> 44649 | H6: 21 | I6: =H6+I5 -> 44649 | J6: 21 | K6: =J6+K5 -> 44649 | L6: 21 | M6: =L6+M5 -> 44649 | N6: 21 | O6: =N6+O5 -> 44649 | P6: 21 | Q6: =P6+Q5 -> 44649 | R6: 21 | S6: =R6+S5 -> 44649
A7: Stilt Slab | B7: 18 | C7: =B7+C6 -> 44667 | D7: 18 | E7: =D7+E6 -> 44667 | F7: 18 | G7: =F7+G6 -> 44667 | H7: 18 | I7: =H7+I6 -> 44667 | J7: 18 | K7: =J7+K6 -> 44667 | L7: 18 | M7: =L7+M6 -> 44667 | N7: 18 | O7: =N7+O6 -> 44667 | P7: 18 | Q7: =P7+Q6 -> 44667 | R7: 18 | S7: =R7+S6 -> 44667
A8: Floor F1 | B8: 25 | C8: =B8+C7 -> 44692 | D8: 25 | E8: =D8+E7 -> 44692 | F8: 25 | G8: =F8+G7 -> 44692 | H8: 25 | I8: =H8+I7 -> 44692 | J8: 25 | K8: =J8+K7 -> 44692 | L8: 25 | M8: =L8+M7 -> 44692 | N8: 25 | O8: =N8+O7 -> 44692 | P8: 25 | Q8: =P8+Q7 -> 44692 | R8: 25 | S8: =R8+S7 -> 44692
A9: Typical (F2) | B9: 8 | C9: =B9+C8 -> 44700 | D9: 8 | E9: =D9+E8 -> 44700 | F9: 8 | G9: =F9+G8 -> 44700 | H9: 8 | I9: =H9+I8 -> 44700 | J9: 8 | K9: =J9+K8 -> 44700 | L9: 8 | M9: =L9+M8 -> 44700 | N9: 8 | O9: =N9+O8 -> 44700 | P9: 8 | Q9: =P9+Q8 -> 44700 | R9: 8 | S9: =R9+S8 -> 44700
A10: Typical (F3) | B10: 8 | C10: =B10+C9 -> 44708 | D10: 8 | E10: =D10+E9 -> 44708 | F10: 8 | G10: =F10+G9 -> 44708 | H10: 8 | I10: =H10+I9 -> 44708 | J10: 8 | K10: =J10+K9 -> 44708 | L10: 8 | M10: =L10+M9 -> 44708 | N10: 8 | O10: =N10+O9 -> 44708 | P10: 8 | Q10: =P10+Q9 -> 44708 | R10: 8 | S10: =R10+S9 -> 44708
A11: Typical (F4) | B11: 8 | C11: =B11+C10 -> 44716 | D11: 8 | E11: =D11+E10 -> 44716 | F11: 8 | G11: =F11+G10 -> 44716 | H11: 8 | I11: =H11+I10 -> 44716 | J11: 8 | K11: =J11+K10 -> 44716 | L11: 8 | M11: =L11+M10 -> 44716 | N11: 8 | O11: =N11+O10 -> 44716 | P11: 8 | Q11: =P11+Q10 -> 44716 | R11: 8 | S11: =R11+S10 -> 44716
A12: Typical (F5) | B12: 8 | C12: =B12+C11 -> 44724 | D12: 8 | E12: =D12+E11 -> 44724 | F12: 8 | G12: =F12+G11 -> 44724 | H12: 8 | I12: =H12+I11 -> 44724 | J12: 8 | K12: =J12+K11 -> 44724 | L12: 8 | M12: =L12+M11 -> 44724 | N12: 8 | O12: =N12+O11 -> 44724 | P12: 8 | Q12: =P12+Q11 -> 44724 | R12: 8 | S12: =R12+S11 -> 44724
A13: Typical (F6) | B13: 8 | C13: =B13+C12 -> 44732 | D13: 8 | E13: =D13+E12 -> 44732 | F13: 8 | G13: =F13+G12 -> 44732 | H13: 8 | I13: =H13+I12 -> 44732 | J13: 8 | K13: =J13+K12 -> 44732 | L13: 8 | M13: =L13+M12 -> 44732 | N13: 8 | O13: =N13+O12 -> 44732 | P13: 8 | Q13: =P13+Q12 -> 44732 | R13: 8 | S13: =R13+S12 -> 44732
A14: Typical (F7) | B14: 8 | C14: =B14+C13 -> 44740 | D14: 8 | E14: =D14+E13 -> 44740 | F14: 8 | G14: =F14+G13 -> 44740 | H14: 8 | I14: =H14+I13 -> 44740 | J14: 8 | K14: =J14+K13 -> 44740 | L14: 8 | M14: =L14+M13 -> 44740 | N14: 8 | O14: =N14+O13 -> 44740 | P14: 8 | Q14: =P14+Q13 -> 44740 | R14: 8 | S14: =R14+S13 -> 44740
... A24: Typical (F17) | B24: 8 | C24: =B24+C23 -> 44820 | D24: 8 | E24: =D24+E23 -> 44820 | F24: 8 | G24: =F24+G23 -> 44820 | H24: 8 | I24: =H24+I23 -> 44820 | J24: 8 | K24: =J24+K23 -> 44820 | L24: 8 | M24: =L24+M23 -> 44820 | N24: 8 | O24: =N24+O23 -> 44820 | P24: 8 | Q24: =P24+Q23 -> 44820 | R24: 8 | S24: =R24+S23 -> 44820
A25: Typical (F18) | F25: 8 | G25: =F25+G24 -> 44828 | H25: 8 | I25: =H25+I24 -> 44828 | J25: 8 | K25: =J25+K24 -> 44828 | L25: 8 | M25: =L25+M24 -> 44828 | N25: 8 | O25: =N25+O24 -> 44828 | P25: 8 | Q25: =P25+Q24 -> 44828 | R25: 8 | S25: =R25+S24 -> 44828
A26: Terrace Slab | B26: 15 | C26: =B26+C24 -> 44835 | D26: 15 | E26: =D26+E24 -> 44835 | F26: 15 | G26: =F26+G25 -> 44843 | H26: 15 | I26: =H26+I25 -> 44843 | J26: 15 | K26: =J26+K25 -> 44843 | L26: 15 | M26: =L26+M25 -> 44843 | N26: 15 | O26: =N26+O25 -> 44843 | P26: 15 | Q26: =P26+Q25 -> 44843 | R26: 15 | S26: =R26+S25 -> 44843
A27: TOTAL DAYS | B27: =SUM(B2:B26) -> 304 | D27: =SUM(D2:D26) -> 304 | F27: =SUM(F2:F26) -> 312 | H27: =SUM(H2:H26) -> 312 | J27: =SUM(J2:J26) -> 312 | L27: =SUM(L2:L26) -> 312 | N27: =SUM(N2:N26) -> 312 | P27: =SUM(P2:P26) -> 312 | R27: =SUM(R2:R26) -> 312
B30: 44531
