Workbook

Sheet Exc01
C4: Component | D4: Industry Standards | E4: Baseline (75d) | F4: Actual (255) | G4: ='Exc03'!C5/200 -> 366.54 | H4: Mathematical Step / Formula | L4: 110 Days | M4: 0
C5: Trips per Day (Total) | D5: ='Exc02'!C8 -> 162.90667 | E5: 98 | F5: 29 | G5: 10 | H5: 35 mins | I5: 35 mins | L5: 64.59 Tonnes | M5: 0
A6: Primary Reference | C6: Trips per Machine (Mc) | D6: =D5/2 -> 81.453333 | E6: 49 | F6: 14.5 | G6: =G5/2 -> 5 | H6: 55 mins | I6: 55 mins
A7: Peurifoy’s Construction Planning (Fixed Cycle Constant) | C7: Total Cycle Time (min) | D7: =540/D6 -> 6.6295629 | E7: =540/E6 -> 11.020408 | F7: =540/F6 -> 37.241379 | G7: =540/G6 -> 108 | H7: 125 mins | I7: 125 mins
A8: Caterpillar Performance Handbook (Edition 49/Current) Construction Planning, Equipment, and Methods" (McGraw-Hill) | C8: Positioning (In) (min) | D8: 1 | E8: 2.5 | F8: 8 | G8: =G7*22% -> 23.76 | H8: 40 mins | I8: 40 mins
A9: Komatsu Specifications & Application Handbook. CPWD Analysis of Rates (Government of India) | C9: Active Loading Time (min) | D9: 5 | E9: 6 | F9: 6 | G9: =F9 -> 6 | H9: 45 mins | I9: 45 mins
A10: Caterpillar Performance Handbook (Edition 49/Current) Construction Planning, Equipment, and Methods" (McGraw-Hill) | C10: Positioning (Out) (min) | D10: 1 | E10: 2.5 | F10: 10 | G10: =G7*27% -> 29.16 | H10: 90 mins | I10: 90 mins
A11: Shingo’s Seven Wastes (Muda) / Lean Construction Theory | C11: Idle Wait Waste (min) | D11: 0 | E11: =E7-(E8+E9+E10) -> 0.020408163 | F11: =F7-(F8+F9+F10) -> 13.241379 | G11: =G7-G8-G9-G10 -> 49.08 | H11: 65 mins | I11: 65 mins
H12: 40 mins | I12: 40 mins
B15: ?? SYSTEM SIMULATION EVALUATION ANALYSIS:_x000D_ _x000D_ • Operational Scope: Modeling a sequential cycle of 200 shore piles under an evaluated schedule constraint of 15 work hours per day._x000D_ _x000D_ ?? Optimization Bottleneck: High concrete idling delay (90 mins) identified. Toggling JIT to 'Y' is strongly advised to resolve material delivery constraints.

Sheet Exc02
B2: Activity | C2: Total Area (m2) | D2: Depth (m) | E2: Total Qty (Cum.) | H2: Baseline Start | I2: Baseline Finish | J2: Baseline duration (days) | K2: Daily output req. | L2: Daily trips (10m3/truck) | M2: Actual Start | N2: Actual Finish | O2: Actual duration (days) | P2: Actual Daily output | Q2: Daily trips (10m3/truck)
E3: Soil | F3: Rock | G3: Total
B4: Excavation | C4: =3294+2815 -> 6109 | D4: 12 | E4: =G4*35% -> 25657.8 | F4: =G4-E4 -> 47650.2 | G4: =D4*C4 -> 73308 | H4: 44531 | I4: 44607 | J4: 75 | K4: =G4/J4 -> 977.44 | L4: =K4/10 -> 97.744 | M4: 44531 | N4: 44786 | O4: =N4-M4 -> 255 | P4: =G4/O4 -> 287.48235 | Q4: =P4/10 -> 28.748235
E5: 0.15 | F5: 0.4
C7: Industry Standards | D7: Baseline considered | E7: Actual achieved | J7: =E4*0.15+F4*0.4 -> 22908.75
B8: Total Trips/day | C8: =G4/(45*10) -> 162.90667 | D8: =L4 -> 97.744 | E8: =Q4 -> 28.748235 | G8: =C8*10 -> 1629.0667 | H8: =G4/G8 -> 45
B9: Work shift (8-6pm, 1 hr lunch) | C9: =D9 -> 9 | D9: =9 -> 9 | E9: =9 -> 9
B10: Trips/hour | C10: =C11*C12 -> 17.142857 | D10: =ROUNDUP(D8/D9,0) -> 11 | E10: =ROUNDUP(E8/E9,0) -> 4
B11: Nos. of Excavators | C11: =D11 -> 2 | D11: 2 | E11: 2
B12: Trucks attended / excavator / hour | C12: =60/7 -> 8.5714286 | D12: =D10/D11 -> 5.5 | E12: =E10/E11 -> 2
D13: Entry & Park | E13: Loaded | F13: Exit | G13: Waiting
B14: Total time for each truck (1. Entry 2. Loaded 3. Exit) | C14: =ROUNDUP(60/D12,0) -> 11 | D14: 2.5 | E14: 6 | F14: 2.5 | G14: - | H14: Baseline | J14: 540 | K14: 14.5 | L14: =J14/K14 -> 37.241379 | M14: 13.2
C15: =SUM(D15:G15) -> 7 | D15: 1 | E15: 5 | F15: 1 | G15: - | H15: Industry standards with ideal logistics | K15: =K14*2 -> 29 | L15: =L14*2 -> 74.482759 | M15: =M14*2 -> 26.4 | N15: =M15*K15 -> 765.6 | O15: =N15/60 -> 12.76 | P15: =O15/2 -> 6.38
C16: =60/E12 -> 30 | H16: Actual

Sheet Exc03
B4: Parameter | C4: Value | D4: Unit | E4: Logic / Source
B5: Total Excavation Quantity | C5: 73308 | D5: m³ | E5: Area*Depth = 6109sqm * 12 | G5: =29*10 -> 290 | H5: =C5/G5 -> 252.78621
B6: Soil Volume | C6: 25658 | D6: m³ | E6: 35% of total | G6: =30*10 -> 300 | H6: =C5/G6 -> 244.36
B7: Rock Volume (Basalt) | C7: 47650 | D7: m³ | E7: 65% of total
B8: Truck Capacity | C8: 10 | D8: m³/trip | E8: Standard Indian Tipper
B9: Total Required Trips | C9: 7331 | D9: Nos. | E9: 73,308 / 10
B10: Working Shift | C10: 9 | D10: Hours | E10: 09:00 AM to 06:00 PM
B11: Total Shift Minutes | C11: 540 | D11: Minutes | E11: 9 hrs * 60 mins
B12: No. of Excavators | C12: 2 | D12: Units | E12: 20-ton class
B13: Round Trip Distance | C13: 15 | D13: km | E13: Lead to dumping site
B14: Diesel Emission Factor | C14: 2.68 | D14: kgCO2e/L | E14: IPCC/ICE Database
B15: Grid Emission Factor | C15: 0.82 | D15: kgCO2e/kWh | E15: CEA Indian Grid Factor
B16: Excavator Idle Fuel Rate | C16: 4.5 | D16: L/hr | E16: Engine-on, no-load (Wait/Pos)
B17: Truck Idle Fuel Rate | C17: 2.5 | D17: L/hr | E17: Congestion crawl/Gate wait

Sheet Exc04
B2: Fuel consumption (Excavators in L)
B3: Metric | C3: Industry Standards | D3: Baseline | E3: Actual | F3: Mathematical Step / Formula
B4: Productive Work Fuel | C4: =D4 -> 22908.75 | D4: =('Exc02'!E4*'Exc02'!E5)+('Exc02'!F4*'Exc02'!F5) -> 22908.75 | E4: =D4 -> 22908.75 | F4: Fixed Work Load (Soil*0.15L/m3 + Rock*0.4L/m3)
B5: Idle Duration / Day / Mc (hrs) | C5: ='Exc01'!D11 -> 0 | D5: =('Exc01'!E11*'Exc01'!E5)/60 -> 0.033333333 | E5: =('Exc01'!F11*'Exc01'!F5)/60 -> 6.4 | F5: (Total Cycle - Loading Time) / 60
B6: Total Idle Hours | C6: ='Exc01'!D12 -> 0 | D6: =D5*'Exc02'!J4*2 -> 5 | E6: ='Exc02'!O4*'Exc04'!E5*2 -> 3264 | F6: Idle hrs * Duration (Days) * 2 Mc
B7: Idle Fuel Waste | C7: =C6*4.5 -> 0 | D7: =D6*4.5 -> 22.5 | E7: =E6*4.5 -> 14688 | F7: Total Idle Hours * 4.5 L/hr
B8: Total Diesel Consumed | C8: =C7+C4 -> 22908.75 | D8: =D7+D4 -> 22931.25 | E8: =E7+E4 -> 37596.75 | F8: Work Fuel + Idle Waste
B10: Fuel Consumption (Trucks in L)
B11: Metric | C11: Industry Standards | D11: Baseline | E11: Actual | F11: Mathematical Step / Formula
B12: Standard Transport Fuel | C12: =7331*15/3 -> 36655 | D12: =7331*15/3 -> 36655 | E12: =7331*15/3 -> 36655 | F12: 7,331 trips * (15km / 3km per L)
B13: Traffic Penalty | C13: 0 | D13: 0 | E13: =7331*2 -> 14662 | F13: 7,331 trips * 2.0 L (Crawl Waste)
B14: Total Fleet Diesel | C14: =C12+C13 -> 36655 | D14: =D12+D13 -> 36655 | E14: =E12+E13 -> 51317 | F14: Standard + Traffic Penalty
B16: Carbon Estimations (in Tonnes)
B17: Category | C17: Industry Standards | D17: Baseline | E17: Actual | F17: Mathematical Step / Formula
B18: Excavator Carbon | C18: =C8*2.68/1000 -> 61.39545 | D18: =D8*2.68/1000 -> 61.45575 | E18: =E8*2.68/1000 -> 100.75929 | F18: Total Fuel * 2.68 / 1000
B19: Truck Fleet Carbon | C19: =C14*2.68/1000 -> 98.2354 | D19: =D14*2.68/1000 -> 98.2354 | E19: =E14*2.68/1000 -> 137.52956 | F19: Total Fuel * 2.68 / 1000
B20: Site Grid Load | C20: =(('Exc02'!G4/('Exc02'!C8*10))*15*9*0.82)/1000 -> 4.9815 | D20: =('Exc02'!J4*15*9*0.82)/1000 -> 8.3025 | E20: =('Exc02'!O4*15*0.82*9)/1000 -> 28.2285 | F20: Days * 15kWh * 0.82 / 1000
B21: Total Carbon Net impact | C21: =SUM(C18:C20) -> 164.61235 | D21: =SUM(D18:D20) -> 167.99365 | E21: =SUM(E18:E20) -> 266.51735 | F21: Sum of all categories
B22: Net Variance | D22: - | E22: =E21-D21 -> 98.5237 | F22: Actual - Baseline

Sheet Dashboard Data
A1: Phase | B1: Activity Component | C1: Scenario Case | D1: Duration/Time (Mins) | E1: Phase Total Days | F1: Phase Carbon Tonnage
A2: 1. Shore Piling | B2: 1. Rig Positioning | C2: Industry Std | D2: ='Shore Piling'!B12 -> 10 | E2: ='Shore Piling'!B10 -> 45 | F2: ='Shore Piling'!B24 -> 24.302667
A3: 1. Shore Piling | B3: 1. Rig Positioning | C3: Baseline | D3: ='Shore Piling'!C12 -> 15 | E3: ='Shore Piling'!C10 -> 60 | F3: ='Shore Piling'!C24 -> 33.325333
A4: 1. Shore Piling | B4: 1. Rig Positioning | C4: Actual Case | D4: ='Shore Piling'!D12 -> 35 | E4: ='Shore Piling'!D10 -> 110 | F4: ='Shore Piling'!D24 -> 64.592
A5: 1. Shore Piling | B5: 2. Boring (Soil) | C5: Industry Std | D5: ='Shore Piling'!B13 -> 30 | E5: ='Shore Piling'!B10 -> 45 | F5: ='Shore Piling'!B24 -> 24.302667
A6: 1. Shore Piling | B6: 2. Boring (Soil) | C6: Baseline | D6: ='Shore Piling'!C13 -> 40 | E6: ='Shore Piling'!C10 -> 60 | F6: ='Shore Piling'!C24 -> 33.325333
A7: 1. Shore Piling | B7: 2. Boring (Soil) | C7: Actual Case | D7: ='Shore Piling'!D13 -> 55 | E7: ='Shore Piling'!D10 -> 110 | F7: ='Shore Piling'!D24 -> 64.592
A8: 1. Shore Piling | B8: 3. Boring (Rock) | C8: Industry Std | D8: ='Shore Piling'!B14 -> 60 | E8: ='Shore Piling'!B10 -> 45 | F8: ='Shore Piling'!B24 -> 24.302667
A9: 1. Shore Piling | B9: 3. Boring (Rock) | C9: Baseline | D9: ='Shore Piling'!C14 -> 80 | E9: ='Shore Piling'!C10 -> 60 | F9: ='Shore Piling'!C24 -> 33.325333
A10: 1. Shore Piling | B10: 3. Boring (Rock) | C10: Actual Case | D10: ='Shore Piling'!D14 -> 125 | E10: ='Shore Piling'!D10 -> 110 | F10: ='Shore Piling'!D24 -> 64.592
A11: 1. Shore Piling | B11: 4. Cleaning & Flushing | C11: Industry Std | D11: ='Shore Piling'!B15 -> 15 | E11: ='Shore Piling'!B10 -> 45 | F11: ='Shore Piling'!B24 -> 24.302667
A12: 1. Shore Piling | B12: 4. Cleaning & Flushing | C12: Baseline | D12: ='Shore Piling'!C15 -> 20 | E12: ='Shore Piling'!C10 -> 60 | F12: ='Shore Piling'!C24 -> 33.325333
A13: 1. Shore Piling | B13: 4. Cleaning & Flushing | C13: Actual Case | D13: ='Shore Piling'!D15 -> 40 | E13: ='Shore Piling'!D10 -> 110 | F13: ='Shore Piling'!D24 -> 64.592
A14: 1. Shore Piling | B14: 5. Cage Lowering | C14: Industry Std | D14: ='Shore Piling'!B16 -> 15 | E14: ='Shore Piling'!B10 -> 45 | F14: ='Shore Piling'!B24 -> 24.302667
A15: 1. Shore Piling | B15: 5. Cage Lowering | C15: Baseline | D15: ='Shore Piling'!C16 -> 20 | E15: ='Shore Piling'!C10 -> 60 | F15: ='Shore Piling'!C24 -> 33.325333
A16: 1. Shore Piling | B16: 5. Cage Lowering | C16: Actual Case | D16: ='Shore Piling'!D16 -> 45 | E16: ='Shore Piling'!D10 -> 110 | F16: ='Shore Piling'!D24 -> 64.592
A17: 1. Shore Piling | B17: 6. RMC Wait Lag | C17: Industry Std | D17: ='Shore Piling'!B17 -> 5 | E17: ='Shore Piling'!B10 -> 45 | F17: ='Shore Piling'!B24 -> 24.302667
A18: 1. Shore Piling | B18: 6. RMC Wait Lag | C18: Baseline | D18: ='Shore Piling'!C17 -> 20 | E18: ='Shore Piling'!C10 -> 60 | F18: ='Shore Piling'!C24 -> 33.325333
A19: 1. Shore Piling | B19: 6. RMC Wait Lag | C19: Actual Case | D19: ='Shore Piling'!D17 -> 90 | E19: ='Shore Piling'!D10 -> 110 | F19: ='Shore Piling'!D24 -> 64.592
A20: 1. Shore Piling | B20: 7. Concreting Work | C20: Industry Std | D20: ='Shore Piling'!B18 -> 35 | E20: ='Shore Piling'!B10 -> 45 | F20: ='Shore Piling'!B24 -> 24.302667
A21: 1. Shore Piling | B21: 7. Concreting Work | C21: Baseline | D21: ='Shore Piling'!C18 -> 45 | E21: ='Shore Piling'!C10 -> 60 | F21: ='Shore Piling'!C24 -> 33.325333
A22: 1. Shore Piling | B22: 7. Concreting Work | C22: Actual Case | D22: ='Shore Piling'!D18 -> 65 | E22: ='Shore Piling'!D10 -> 110 | F22: ='Shore Piling'!D24 -> 64.592
A23: 1. Shore Piling | B23: 8. Rig Shifting | C23: Industry Std | D23: ='Shore Piling'!B19 -> 10 | E23: ='Shore Piling'!B10 -> 45 | F23: ='Shore Piling'!B24 -> 24.302667
A24: 1. Shore Piling | B24: 8. Rig Shifting | C24: Baseline | D24: ='Shore Piling'!C19 -> 15 | E24: ='Shore Piling'!C10 -> 60 | F24: ='Shore Piling'!C24 -> 33.325333
A25: 1. Shore Piling | B25: 8. Rig Shifting | C25: Actual Case | D25: ='Shore Piling'!D19 -> 40 | E25: ='Shore Piling'!D10 -> 110 | F25: ='Shore Piling'!D24 -> 64.592
A26: 2. Mass Excavation | B26: 1. Inbound Positioning | C26: Industry Std | D26: ='Exc01'!D8 -> 1 | E26: =Excavation!$B$18 -> 45 | F26: =Excavation!$B$43 -> 164.61235
A27: 2. Mass Excavation | B27: 1. Inbound Positioning | C27: Baseline | D27: ='Exc01'!E8 -> 2.5 | E27: =Excavation!$C$18 -> 75 | F27: =Excavation!$C$43 -> 167.99365
A28: 2. Mass Excavation | B28: 1. Inbound Positioning | C28: Actual Case | D28: ='Exc01'!F8 -> 8 | E28: =Excavation!$D$18 -> 255 | F28: =Excavation!$D$43 -> 266.51735
A29: 2. Mass Excavation | B29: 2. Shovel Loading Time | C29: Industry Std | D29: ='Exc01'!D9 -> 5 | E29: =Excavation!$B$18 -> 45 | F29: =Excavation!$B$43 -> 164.61235
A30: 2. Mass Excavation | B30: 2. Shovel Loading Time | C30: Baseline | D30: ='Exc01'!E9 -> 6 | E30: =Excavation!$C$18 -> 75 | F30: =Excavation!$C$43 -> 167.99365
A31: 2. Mass Excavation | B31: 2. Shovel Loading Time | C31: Actual Case | D31: ='Exc01'!F9 -> 6 | E31: =Excavation!$D$18 -> 255 | F31: =Excavation!$D$43 -> 266.51735
A32: 2. Mass Excavation | B32: 3. Outbound Positioning | C32: Industry Std | D32: ='Exc01'!D10 -> 1 | E32: =Excavation!$B$18 -> 45 | F32: =Excavation!$B$43 -> 164.61235
A33: 2. Mass Excavation | B33: 3. Outbound Positioning | C33: Baseline | D33: ='Exc01'!E10 -> 2.5 | E33: =Excavation!$C$18 -> 75 | F33: =Excavation!$C$43 -> 167.99365
A34: 2. Mass Excavation | B34: 3. Outbound Positioning | C34: Actual Case | D34: ='Exc01'!F10 -> 10 | E34: =Excavation!$D$18 -> 255 | F34: =Excavation!$D$43 -> 266.51735
A35: 2. Mass Excavation | B35: 4. Idle Wait Waste | C35: Industry Std | D35: ='Exc01'!D11 -> 0 | E35: =Excavation!$B$18 -> 45 | F35: =Excavation!$B$43 -> 164.61235
A36: 2. Mass Excavation | B36: 4. Idle Wait Waste | C36: Baseline | D36: ='Exc01'!E11 -> 0.020408163 | E36: =Excavation!$C$18 -> 75 | F36: =Excavation!$C$43 -> 167.99365
A37: 2. Mass Excavation | B37: 4. Idle Wait Waste | C37: Actual Case | D37: ='Exc01'!F11 -> 13.241379 | E37: =Excavation!$D$18 -> 255 | F37: =Excavation!$D$43 -> 266.51735

Sheet Shore Piling
A1: Depth | B1: 18
A2: Diameter | B2: 750
A3: Gap b/w piles | B3: 150
A4: Total distance | B4: =B2+B3 -> 900
A5: Total piles | B5: 200
A6: Baseline duration | B6: 60
A7: Total piling RMT | B7: =B5*B1 -> 3600
A8: Productivity | B8: =B7/B6 -> 60
A9: Piles /day | B9: =B5/B8 -> 3.3333333
A10: Total days | B10: 45 | C10: 60 | D10: 110
A11: Event Component | B11: Industry Std (45d) | C11: Baseline (60d) | D11: Actual (110d)
A12: Rig Positioning | B12: 10 | C12: 15 | D12: 35
A13: Boring (0-8m Soil) | B13: 30 | C13: 40 | D13: 55
A14: Boring (8-18m Rock) | B14: 60 | C14: 80 | D14: 125
A15: Cleaning & Flushing | B15: 15 | C15: 20 | D15: 40
A16: Cage Lowering | B16: 15 | C16: 20 | D16: 45
A17: RMC Wait Lag | B17: 5 | C17: 20 | D17: 90
A18: Concreting (9.14m³) | B18: 35 | C18: 45 | D18: 65
A19: Rig Shifting | B19: 10 | C19: 15 | D19: 40
A20: Total Cycle / Pile | B20: =SUM(B12:B19) -> 180 | C20: =SUM(C12:C19) -> 255 | D20: =SUM(D12:D19) -> 495
A21: Working fuel | B21: =B5*(SUM(B12:B15)/60)*22 -> 8433.3333 | C21: =B5*(SUM(C12:C15)/60)*22 -> 11366.667 | D21: =B5*(SUM(D12:D15)/60)*22 -> 18700
A22: Idle Fuel | B22: =B5*(SUM(B16:B17)/60)*6.5 -> 433.33333 | C22: =B5*(SUM(C16:C17)/60)*6.5 -> 866.66667 | D22: =B5*(240/60)*6.5 -> 5200
A23: Electricity usage/h (duty factor - 0.4 ) | B23: =30*0.4 -> 12 | C23: =30*0.4 -> 12 | D23: =30*0.4 -> 12
A24: Total carbon (Tonnes) | B24: =(((B21+B22)*2.68)+(B23)*45)/1000 -> 24.302667 | C24: =(((C21+C22)*2.68)+(C23)*45)/1000 -> 33.325333 | D24: =(((D21+D22)*2.68)+(D23)*45)/1000 -> 64.592
A25: Carbon/pile(kg) | B25: =(B24/B5)*1000 -> 121.51333 | C25: =(C24/200)*1000 -> 166.62667 | D25: =(D24/200)*1000 -> 322.96
A26: Idle Waste Factor | B26: =B22/(SUM(B21,B22)) -> 0.04887218 | C26: =C22/(SUM(C21,C22)) -> 0.070844687 | D26: =D22/(SUM(D21,D22)) -> 0.21757322

Sheet DB - Shore piling
B3: Column B (Component/Label) | C3: Column C (User Input) | D3: Column D (Dynamic Logic Formula) | E3: Column E (Thesis Academic Reference Formula) | L3: Column L (Simulated Absolute Output) | M3: Column M (Relative Variance Change %)
B4: Select Scenario (1=Std, 2=Base, 3=Actual): | C4: 3 | G4: Operational Activity Step | H4: Baseline Duration | I4: Lean Optimized Duration | K4: Simulated Project Duration: | L4: 110 Days | M4: 0
G5: 1. Rig Positioning | H5: 10 mins | I5: 35 mins | J5: 35 mins | K5: Net Carbon Footprint: | L5: 64.59 Tonnes | M5: 0
B6: Enable Value Stream Mapping (VSM)? (Y/N): | C6: N | D6: =IF(C6="Y", "VSM Active: Eliminates 30% of non-productive waste layout handling.", "VSM Inactive: Maintaining standard historical logistical waste loops.") -> VSM Inactive: Maintaining standard historical logistical waste loops. | E6: =IF(C6="Y", "Ref: IGLC Waste Benchmarks. Corresponds to the elimination of Muda (Type-1 non-value adding activities) by minimizing micro-handover delays between macro cycle changes.", "") | G6: 2. Boring (0-8m Soil) | H6: 30 mins | I6: 55 mins | J6: 55 mins
B7: Enable Just-In-Time (JIT)? (Y/N): | C7: N | D7: =IF(C7="Y", "JIT Active: Optimizes transit mixing loops, slashing concrete wait lag by 60%.", "JIT Inactive: Mixed truck fleets run uncoordinated, causing material logjams.") -> JIT Inactive: Mixed truck fleets run uncoordinated, causing material logjams. | E7: =IF(C7="Y", "Ref: Koskela's TFV (Transformation-Flow-Value) Theory. Eliminates variability in the 'Flow' phase by tracking truck cycle dispatch frequencies against rig consumption rates.", "") | G7: 3. Boring (8-18m Rock) | H7: 60 mins | I7: 125 mins | J7: 125 mins
B8: Enable Parallel Processing? (Y/N): | C8: N | D8: =IF(C8="Y", "Parallelism Active: Synchronizes crane-to-rig workflow, cutting boring times by 15%.", "Parallelism Inactive: Linear sequencing causes execution bottlenecks.") -> Parallelism Inactive: Linear sequencing causes execution bottlenecks. | E8: =IF(C8="Y", "Ref: Last Planner System Operational Metrics. Conversational workflow modification targeting maximum machine uptime by de-linking ancillary tasks from critical path tools.", "") | G8: 4. Cleaning & Flushing | H8: 15 mins | I8: 40 mins | J8: 40 mins
G9: 5. Cage Lowering | H9: 15 mins | I9: 45 mins | J9: 45 mins
G10: 6. RMC Wait Lag | H10: 5 mins | I10: 90 mins | J10: 90 mins
G11: 7. Concreting Work | H11: 35 mins | I11: 65 mins | J11: 65 mins
G12: 8. Rig Shifting | H12: 10 mins | I12: 40 mins | J12: 40 mins
B15: ?? PILING OPERATIONAL SYSTEM SIMULATION EVALUATION:_x000D_ _x000D_ • Operational Scope Footprint: Simulating sequential cycle execution parameters across 200 units under a schedule constraint of 15 work hours/day._x000D_ _x000D_ ?? Logistical Bottleneck: High concrete wait idling lag (90 mins) identified. Toggle Just-In-Time (JIT) to 'Y' to resolve material delivery constraints.

Sheet Excavation
A1: 1. MASTER PROJECT EARTHWORKS PARAMETERS
A2: Total Excavation Quantity | B2: ='Exc02'!G4 -> 73308 | C2: m³ | D2: Area * Depth = 6109 sqm * 12m
A3: Soil Volume Component (35%) | B3: =B2*35% -> 25657.8 | C3: m³ | D3: High-level excavation stratum layer
A4: Rock Volume Component - Basalt (65%) | B4: =B2-B3 -> 47650.2 | C4: m³ | D4: Tough stratum requiring slow tool-on-face work
A5: Dump Truck Tipper Capacity | B5: 10 | C5: m³/trip | D5: Standard Indian Tipper Volume capacity
A6: Total Required Disposal Trips | B6: =B2/B5 -> 7330.8 | C6: Nos. | D6: Total Qty / 10m³ capacity bucket
A7: Standard Working Shift Duration | B7: 9 | C7: Hours | D7: 09:00 AM to 06:00 PM (1 hr lunch loop)
A8: Shift Duration in Minutes | B8: =B7*60 -> 540 | C8: Minutes | D8: 9 Hours * 60 minutes
A9: Active Excavator Fleet Size | B9: 2 | C9: Units | D9: 20-ton class heavy earthmovers
A10: Round-Trip Haul Distance | B10: 15 | C10: km | D10: Site coordinates to designated dump yard
A11: Diesel Emission Intensity Factor | B11: 2.68 | C11: kgCO2e/L | D11: IPCC National Greenhouse Gas Inventory
A12: Grid Electricity Emission Factor | B12: 0.82 | C12: kgCO2e/kWh | D12: Central Electricity Authority (CEA India)
A13: Excavator Idle Fuel Burn Rate | B13: 4.5 | C13: L/hr | D13: Engine on, zero-load wait cycles
A14: Truck Idle Fuel Burn Rate | B14: 2.5 | C14: L/hr | D14: Site gate traffic crawl congestion lag
A17: 2. PROJECT CALENDAR TIMELINE KPI | B17: Industry Std. | C17: Baseline | D17: Actual
A18: Planned Execution Duration (Days) | B18: 45 | C18: ='Exc02'!J4 -> 75 | D18: ='Exc02'!O4 -> 255
A19: Required Daily Output Volume (m³) | B19: =B2/B18 -> 1629.0667 | C19: =B2/C18 -> 977.44 | D19: =B2/D18 -> 287.48235
A20: Required Disposal Trips per Day (Total) | B20: =B19/B5 -> 162.90667 | C20: =C19/B5 -> 97.744 | D20: =D19/B5 -> 28.748235
A23: 3. FLEET LOGISTICS CYCLE TIMES | B23: Industry Std. | C23: Baseline | D23: Actual
A24: Trips per Day (Total Fleet) | B24: =B20 -> 162.90667 | C24: =C20 -> 97.744 | D24: =D20 -> 28.748235 | E24: Trips/Day
A25: Handled Trips per Single Excavator | B25: =B24/2 -> 81.453333 | C25: =C24/2 -> 48.872 | D25: =D24/2 -> 14.374118 | E25: Trips/Mc
A26: Total Shovel Cycle Turnaround Time | B26: =SUM(B27:B30) -> 7 | C26: =SUM(C27:C30) -> 11.020408 | D26: =SUM(D27:D30) -> 37.241379 | E26: Minutes
A27: Truck Positioning Lag - Inbound | B27: ='Exc01'!D8 -> 1 | C27: ='Exc01'!E8 -> 2.5 | D27: ='Exc01'!F8 -> 8 | E27: Minutes
A28: Active Excavator Loading Work Time | B28: ='Exc01'!D9 -> 5 | C28: ='Exc01'!E9 -> 6 | D28: ='Exc01'!F9 -> 6 | E28: Minutes
A29: Truck Positioning Lag - Outbound | B29: ='Exc01'!D10 -> 1 | C29: ='Exc01'!E10 -> 2.5 | D29: ='Exc01'!F10 -> 10 | E29: Minutes
A30: Machinery Idle Wait Duration per Day | B30: ='Exc01'!D11 -> 0 | C30: ='Exc01'!E11 -> 0.020408163 | D30: ='Exc01'!F11 -> 13.241379 | E30: Hours/Mc
A33: 4. ENERGY & CARBON ACCOUNTING
A34: Fixed Productive Excavator Work Fuel | B34: ='Exc04'!C4 -> 22908.75 | C34: ='Exc04'!D4 -> 22908.75 | D34: ='Exc04'!E4 -> 22908.75 | E34: Liters
A35: Excavator Idling Fuel Waste Volume | B35: ='Exc04'!C7 -> 0 | C35: ='Exc04'!D7 -> 22.5 | D35: ='Exc04'!E7 -> 14688 | E35: Liters
A36: Net Excavator Diesel Volume (Total) | B36: =SUM(B34:B35) -> 22908.75 | C36: =SUM(C34:C35) -> 22931.25 | D36: =SUM(D34:D35) -> 37596.75 | E36: Liters
A38: Standard Truck Transport Fuel Volume | B38: ='Exc04'!C12 -> 36655 | C38: ='Exc04'!D12 -> 36655 | D38: ='Exc04'!E12 -> 36655 | E38: Liters
A39: Traffic Congestion Crawl Fuel Waste | B39: ='Exc04'!C13 -> 0 | C39: ='Exc04'!D13 -> 0 | D39: ='Exc04'!E13 -> 14662 | E39: Liters
A40: Net Dump Truck Diesel Volume (Total) | B40: =SUM(B38:B39) -> 36655 | C40: =SUM(C38:C39) -> 36655 | D40: =SUM(D38:D39) -> 51317 | E40: Liters
A42: Site Office Grid Electricity Usage | B42: ='Exc04'!C20 -> 4.9815 | C42: ='Exc04'!D20 -> 8.3025 | D42: ='Exc04'!E20 -> 28.2285 | E42: kWh
A43: Total Environmental Carbon Net Impact | B43: =((B$36*$B$11)/1000)+((B$40*$B$11)/1000)+B$42 -> 164.61235 | C43: =((C$36*$B$11)/1000)+((C$40*$B$11)/1000)+C$42 -> 167.99365 | D43: =((D$36*$B$11)/1000)+((D$40*$B$11)/1000)+D$42 -> 266.51735 | E43: Tonnes CO2

Sheet DB - Excavation
B4: Select Excavation Scenario (1=Std, 2=Base, 3=Actual) | C4: 3 | H4: Fleet Logistics Cycle Component | I4: Baseline Time | J4: Lean Optimized Duration | L4: 0 Days | M4: 255 Days | N4: 0
H5: Truck Positioning Lag (In-Bound) | I5: 8 mins | J5: 8 mins | L5: 0 L | M5: 37597 L | N5: 0
B6: Optimize Haul Routing (VSM)? (Y/N) | C6: N | D6: =IF(C6="Y", "VSM Active: Re-routes haul loops and fixes gate access, removing the 14,662L traffic crawl penalty.", "VSM Inactive: Trucks queue in severe site traffic bottlenecks, burning extra congestion fuel.") -> VSM Inactive: Trucks queue in severe site traffic bottlenecks, burning extra congestion fuel. | H6: Active Excavator Loading Work Time | I6: 6 mins | J6: 6 mins | L6: 0 L | M6: 51317 L | N6: 0
B7: Match-Factor Balancing (JIT)? (Y/N) | C7: N | D7: =IF(C7="Y", "JIT Active: Balances excavator-to-truck ratios, slashing daily idle wait states by 80%.", "JIT Inactive: Fleet mismatch causes excavation rigs to cycle completely idle waiting for tippers.") -> JIT Inactive: Fleet mismatch causes excavation rigs to cycle completely idle waiting for tippers. | H7: Truck Positioning Lag (Out-Bound) | I7: 10 mins | J7: 10 mins | L7: 0 kWh | M7: 34425 kWh | N7: 0
H8: 4. Excavator Idle Wait Waste | I8: 13.24 mins | J8: 13.24 mins | L8: 0 Tonnes | M8: 266.52 Tonnes | N8: 0
H9: Total Shovel Cycle Turnaround Time: | I9: 37.24 mins | J9: 37.24 mins
B14: ?? EARTHWORKS FLEET LOGISTICS SIMULATION REPORT:_x000D_ _x000D_ • Project Workload Scope: Simulating earthmoving cycles for 7331 disposal trips utilizing a heavy fleet of 2 excavators._x000D_ ?? FLEET MISMATCH COEFF: Excavators suffer 13.24 mins of idle queue time per load loop due to truck haul synchronization latency._x000D_ ?? CONGESTION LATENCY: Severe haul route bottlenecks generate an extra 2.0 L/trip traffic penalty across the tipper fleet._x000D_ ?? STRATEGY DIRECTION: System running at standard un-optimized baseline. Toggle VSM or JIT to 'Y' to simulate lean deployment paths.
